<?xml version="1.0" encoding="UTF-8"?>
<urn:PluginConfiguration isInheritExtendedContractAttributes="false" name="SimpleInstance" xmlns:urn="urn:sourceid.org:saml2:adapter:conf">
    <urn:Fields/>
    <urn:AdvancedFields/>
    <urn:Tables>
        <urn:Table name="Users">
            <urn:Row>
                <urn:Field name="Username">pleasework</urn:Field>
                <urn:Field name="Password">Gv5DFwg1e2Tc252_egVISo1Yvk9baElnNH1CBgqq4d0.h5S25OoA.2</urn:Field>
                <urn:Field name="Confirm Password">JohSc4ZaxOtfDL3X9cpYFRsakguCrNOa3Pjs1Ci5Pc4.L0AyItoq.2</urn:Field>
            </urn:Row>
        </urn:Table>
    </urn:Tables>
</urn:PluginConfiguration>